City_ID,City,Lat,Lng,Max Temp,Humidity,Pressure,Cloudiness,Wind Speed,Country,Date
0,colonia menno,-22.3667,-59.8167,32.04,34.0,1004.0,3.0,6.36,PY,1718409602.0
1,wailua homesteads,22.0669,-159.378,26.53,70.0,1019.0,91.0,2.24,US,1718409604.0
2,gagarin,55.5529,34.9954,12.78,86.0,1014.0,60.0,0.96,RU,1718409606.0
3,rongelap,11.1635,166.8941,28.03,77.0,1013.0,31.0,7.38,MH,1718409608.0
4,adamstown,-25.066,-130.1015,20.4,66.0,1021.0,66.0,2.94,PN,1718409442.0
5,yellowknife,62.456,-114.3525,18.56,42.0,1011.0,75.0,4.12,CA,1718409610.0
6,brookings,44.3114,-96.7984,26.92,47.0,1017.0,0.0,3.09,US,1718409425.0
7,olonkinbyen,70.9221,-8.7187,2.25,85.0,1016.0,98.0,3.39,SJ,1718409613.0
8,ust'-barguzin,53.45,108.9833,13.39,70.0,1010.0,24.0,0.79,RU,1718409615.0
9,longyearbyen,78.2186,15.6401,4.91,70.0,1014.0,20.0,7.72,SJ,1718409617.0
10,huarmey,-10.0681,-78.1522,18.27,82.0,1014.0,85.0,4.17,PE,1718409620.0
11,ancud,-41.8697,-73.8203,7.98,69.0,1016.0,92.0,1.43,CL,1718409622.0
12,puerto madryn,-42.7692,-65.0385,11.49,48.0,1008.0,0.0,3.67,AR,1718409576.0
13,amungan,15.3652,119.9582,29.67,71.0,1009.0,66.0,2.17,PH,1718409625.0
14,margaret river,-33.95,115.0667,12.05,91.0,1015.0,0.0,4.97,AU,1718409627.0
15,viqueque,-8.8673,126.3658,23.85,79.0,1014.0,94.0,0.42,TL,1718409628.0
16,isla mujeres,21.2311,-86.731,27.87,87.0,1009.0,92.0,3.92,MX,1718409629.0
17,mingora,34.7758,72.3625,23.95,37.0,1004.0,0.0,3.26,PK,1718409631.0
18,blackmans bay,-43.0167,147.3167,8.18,90.0,1024.0,100.0,0.89,AU,1718409632.0
19,aasiaat,68.7098,-52.8699,1.94,92.0,1014.0,100.0,3.14,GL,1718409634.0
20,puerto natales,-51.7236,-72.4875,0.86,93.0,997.0,100.0,3.05,CL,1718409635.0
21,mynamaki,60.7446,22.0243,6.2,97.0,1015.0,13.0,2.12,FI,1718409637.0
22,waitangi,-43.9535,-176.5597,11.01,91.0,1009.0,100.0,8.05,NZ,1718409638.0
23,grytviken,-54.2811,-36.5092,-1.3,92.0,977.0,99.0,5.01,GS,1718409551.0
24,vilyuysk,63.7553,121.6247,17.22,73.0,995.0,73.0,4.92,RU,1718409641.0
25,badger,64.8,-147.5333,22.98,47.0,1018.0,40.0,2.57,US,1718409642.0
26,port-aux-francais,-49.35,70.2167,5.78,93.0,1007.0,98.0,15.99,TF,1718409457.0
27,oguz,41.0708,47.4583,15.12,80.0,1013.0,43.0,1.65,AZ,1718409645.0
28,taiohae,,,,,,,,,
29,punta arenas,-53.15,-70.9167,0.06,93.0,989.0,40.0,11.83,CL,1718409504.0
30,kataragama,,,,,,,,,
31,fale old settlement,-9.3852,-171.2468,27.95,79.0,1011.0,100.0,5.53,TK,1718409650.0
32,west bay,19.3667,-81.4167,30.04,79.0,1010.0,20.0,3.6,KY,1718409652.0
33,ushuaia,-54.8,-68.3,-1.19,100.0,986.0,100.0,5.14,AR,1718409459.0
34,port alfred,-33.5906,26.891,17.89,49.0,1021.0,11.0,6.1,ZA,1718409654.0
35,puerto ayora,-0.7393,-90.3518,22.53,96.0,1012.0,45.0,4.23,EC,1718409443.0
36,beltran,-27.8291,-64.061,22.32,56.0,1009.0,37.0,5.93,AR,1718409657.0
37,udachny,66.4167,112.4,8.03,68.0,999.0,100.0,10.18,RU,1718409658.0
38,west island,-12.1568,96.8225,26.99,83.0,1009.0,100.0,5.66,CC,1718409659.0
39,happy valley-goose bay,53.3168,-60.3315,23.17,53.0,999.0,75.0,10.29,CA,1718409660.0
40,pisco,-13.7,-76.2167,18.03,82.0,1014.0,46.0,7.72,PE,1718409662.0
41,utrik,11.2278,169.8474,28.23,79.0,1012.0,8.0,7.94,MH,1718409664.0
42,tura,25.5198,90.2201,24.87,96.0,1002.0,93.0,2.53,IN,1718409665.0
43,qamdo,31.1667,97.2333,11.79,56.0,1005.0,21.0,0.09,CN,1718409666.0
44,thompson,55.7435,-97.8558,22.09,33.0,1011.0,75.0,3.09,CA,1718409667.0
45,albany,42.6001,-73.9662,23.22,59.0,1011.0,97.0,3.83,US,1718409509.0
46,revda,56.801,59.9303,18.05,82.0,1015.0,6.0,1.61,RU,1718409670.0
47,anadyr,64.75,177.4833,11.28,62.0,1015.0,0.0,7.0,RU,1718409669.0
48,guiria,,,,,,,,,
49,richmond,37.5538,-77.4603,30.08,65.0,1011.0,75.0,1.54,US,1718409523.0
50,nar'yan-mar,67.6713,53.087,5.06,69.0,1018.0,87.0,5.81,RU,1718409674.0
51,constantia,44.1833,28.65,17.61,82.0,1010.0,100.0,10.65,RO,1718409559.0
52,bilibino,68.0546,166.4372,20.5,35.0,1006.0,25.0,4.51,RU,1718409677.0
53,isafjordur,66.0755,-23.124,7.21,82.0,1016.0,92.0,1.64,IS,1718409678.0
54,invercargill,-46.4,168.35,8.34,99.0,995.0,100.0,1.34,NZ,1718409679.0
55,mount gambier,-37.8333,140.7667,10.52,76.0,1023.0,91.0,3.23,AU,1718409681.0
56,edinburgh of the seven seas,-37.0676,-12.3116,13.43,75.0,1025.0,56.0,4.48,SH,1718409682.0
57,bredasdorp,-34.5322,20.0403,11.01,92.0,1024.0,3.0,2.11,ZA,1718409683.0
58,keflavik,64.0049,-22.5624,9.95,93.0,1014.0,0.0,3.09,IS,1718409684.0
59,mejit,10.2753,170.8646,28.01,75.0,1012.0,10.0,8.54,MH,1718409686.0
60,danjiangkou,32.5428,111.5086,28.91,50.0,1004.0,26.0,0.69,CN,1718409687.0
61,aksu,41.1231,80.2644,22.96,34.0,1002.0,61.0,0.88,CN,1718409688.0
62,tiksi,71.6872,128.8694,10.85,65.0,998.0,87.0,6.61,RU,1718409689.0
63,kimbe,-5.5502,150.1429,29.32,65.0,1012.0,55.0,3.57,PG,1718409690.0
64,polyarnyy,69.1989,33.4478,11.39,71.0,1014.0,8.0,2.74,RU,1718409692.0
65,vadso,70.0744,29.7487,10.09,76.0,1013.0,75.0,5.14,NO,1718409693.0
66,college,64.8569,-147.8028,23.03,44.0,1017.0,40.0,2.57,US,1718409694.0
67,ilulissat,69.2167,-51.1,3.26,94.0,1015.0,100.0,3.4,GL,1718409446.0
68,saint-philippe,-21.3585,55.7679,23.77,86.0,1017.0,58.0,4.91,RE,1718409697.0
69,saipan,15.1355,145.701,28.96,77.0,1013.0,55.0,7.75,MP,1718409698.0
70,avarua,-21.2078,-159.775,26.03,78.0,1017.0,75.0,4.63,CK,1718409699.0
71,shahritus,37.2637,68.1385,25.93,21.0,1004.0,2.0,0.95,TJ,1718409700.0
72,dubbo,-32.25,148.6167,10.07,87.0,1018.0,100.0,4.12,AU,1718409553.0
73,cockburn town,21.4612,-71.1419,27.76,77.0,1014.0,85.0,7.25,TC,1718409703.0
74,ahau,,,,,,,,,
75,san julian,21.0167,-102.1667,28.37,24.0,1006.0,80.0,4.95,MX,1718409705.0
76,visby,57.6409,18.296,11.57,87.0,1014.0,75.0,3.09,SE,1718409706.0
77,bonthe,7.5264,-12.505,25.94,83.0,1014.0,100.0,4.04,SL,1718409707.0
78,iqaluit,63.7506,-68.5145,1.85,93.0,999.0,100.0,3.09,CA,1718409708.0
79,kirensk,57.7853,108.1119,13.31,89.0,1005.0,100.0,2.24,RU,1718409710.0
80,broken hill,-31.95,141.4333,11.13,85.0,1018.0,32.0,2.93,AU,1718409482.0
81,enewetak,11.3474,162.3373,27.9,78.0,1013.0,100.0,7.78,MH,1718409479.0
82,petrolina,-9.3986,-40.5008,25.03,50.0,1018.0,0.0,2.57,BR,1718409605.0
83,achinsk,56.2694,90.4993,19.55,67.0,1010.0,94.0,0.89,RU,1718409678.0
84,sarukhan,40.2905,45.1306,11.79,71.0,1015.0,0.0,0.87,AM,1718409716.0
85,mcrae,32.068,-82.9007,32.11,46.0,1012.0,0.0,2.39,US,1718409717.0
86,tralee,52.2704,-9.7026,10.14,93.0,997.0,75.0,4.15,IE,1718409718.0
87,holualoa,19.6228,-155.9522,26.91,88.0,1019.0,75.0,5.14,US,1718409500.0
88,crane,31.3974,-102.3501,35.23,26.0,1007.0,0.0,8.25,US,1718409720.0
89,qaqortoq,60.7167,-46.0333,4.96,83.0,1014.0,13.0,2.12,GL,1718409722.0
90,weno,7.4515,151.8468,27.91,79.0,1011.0,100.0,6.04,FM,1718409723.0
91,atafu village,-8.5421,-172.5159,27.07,80.0,1011.0,100.0,2.36,TK,1718409724.0
92,dragor,55.5946,12.6664,14.56,80.0,1009.0,47.0,5.66,DK,1718409725.0
93,jequie,-13.8575,-40.0836,17.96,96.0,1022.0,3.0,0.84,BR,1718409647.0
94,tofol,5.3248,163.0078,29.88,74.0,1011.0,75.0,5.66,FM,1718409505.0
95,gelemso,8.8167,40.5167,15.89,72.0,1013.0,19.0,3.4,ET,1718409729.0
96,vorgashor,67.5833,63.95,4.89,96.0,1015.0,100.0,4.91,RU,1718409730.0
97,bethel,41.3712,-73.414,22.05,86.0,1010.0,100.0,2.06,US,1718409731.0
98,dudinka,69.4058,86.1778,5.93,96.0,1008.0,66.0,4.02,RU,1718409733.0
99,rikaze,29.25,88.8833,14.08,47.0,1002.0,2.0,1.73,CN,1718409734.0
100,port elizabeth,-33.918,25.5701,15.17,88.0,1027.0,0.0,6.69,ZA,1718409735.0
101,whitehorse,60.7161,-135.0538,14.45,62.0,1014.0,75.0,5.66,CA,1718409736.0
102,motueka,-41.1333,173.0167,12.28,73.0,998.0,48.0,2.59,NZ,1718409738.0
103,east london,-33.0153,27.9116,18.4,40.0,1020.0,4.0,2.54,ZA,1718409659.0
104,saint-pierre,-21.3393,55.4781,23.82,73.0,1014.0,100.0,2.06,RE,1718409740.0
105,callao,-12.0667,-77.15,19.84,77.0,1014.0,75.0,5.14,PE,1718409552.0
106,robertsport,6.7533,-11.3686,26.34,81.0,1014.0,89.0,5.1,LR,1718409742.0
107,puerto deseado,-47.7503,-65.8938,4.6,68.0,1001.0,87.0,5.94,AR,1718409691.0
108,santanyi,39.3546,3.1291,21.01,79.0,1012.0,47.0,2.97,ES,1718409745.0
109,kapa'a,22.0752,-159.319,27.28,69.0,1018.0,90.0,1.79,US,1718409746.0
110,merizo village,13.2658,144.6691,30.55,85.0,1012.0,79.0,7.47,GU,1718409747.0
111,port moresby,-9.4431,147.1797,26.68,61.0,1013.0,40.0,5.14,PG,1718409749.0
112,saba,15.4667,-86.25,26.08,96.0,1009.0,100.0,0.66,HN,1718409750.0
113,remire-montjoly,4.9167,-52.2667,26.02,94.0,1013.0,0.0,0.0,GF,1718409458.0
114,ola,59.5833,151.2833,15.08,73.0,1010.0,38.0,2.73,RU,1718409752.0
115,tsiombe,-25.3,45.4833,18.59,92.0,1019.0,11.0,2.13,MG,1718409753.0
116,porthcawl,51.479,-3.7036,11.94,92.0,998.0,57.0,5.29,GB,1718409755.0
117,dingli,35.8614,14.3822,19.9,82.0,1017.0,0.0,1.03,MT,1718409669.0
118,usinsk,65.9939,57.5281,6.15,85.0,1013.0,100.0,8.94,RU,1718409757.0
119,lake norman of catawba,35.5804,-81.0165,31.32,67.0,1012.0,0.0,2.06,US,1718409758.0
120,ghat,24.9647,10.1728,31.07,11.0,1012.0,0.0,1.32,LY,1718409759.0
121,zag,46.9441,99.165,9.24,86.0,1015.0,100.0,2.96,MN,1718409761.0
122,khovd,48.0056,91.6419,14.18,81.0,1011.0,100.0,1.73,MN,1718409762.0
123,kingston,17.997,-76.7936,29.53,74.0,1011.0,20.0,7.2,JM,1718409619.0
124,namibe,-15.1961,12.1522,19.65,64.0,1013.0,0.0,1.61,AO,1718409764.0
125,erdenet,49.0333,104.0833,15.23,50.0,1012.0,4.0,0.95,MN,1718409765.0
126,ust'-ilimsk,58.0006,102.6619,15.8,81.0,1005.0,100.0,2.68,RU,1718409767.0
127,rio brilhante,-21.8019,-54.5464,23.84,37.0,1012.0,0.0,3.35,BR,1718409504.0
128,hithadhoo,-0.6,73.0833,28.89,72.0,1010.0,96.0,5.49,MV,1718409715.0
129,ascension,30.2169,-90.9001,33.33,57.0,1012.0,0.0,2.57,US,1718409770.0
130,magadan,59.5667,150.8,14.74,73.0,1010.0,36.0,2.56,RU,1718409771.0
131,minas de marcona,-15.2119,-75.1103,12.39,85.0,1015.0,17.0,4.59,PE,1718409773.0
132,bay roberts,47.5999,-53.2648,17.86,83.0,1016.0,35.0,3.58,CA,1718409774.0
133,nouadhibou,20.931,-17.0347,20.99,78.0,1013.0,1.0,8.75,MR,1718409775.0
134,chonchi,-42.6128,-73.8092,7.56,87.0,1016.0,73.0,1.06,CL,1718409776.0
135,cidade velha,14.9167,-23.6167,23.26,73.0,1014.0,20.0,8.23,CV,1718409777.0
136,calca,-13.3333,-71.95,18.64,80.0,1017.0,53.0,2.45,PE,1718409779.0
137,labytnangi,66.6572,66.4183,7.43,94.0,1013.0,100.0,5.12,RU,1718409780.0
138,smithers,54.7804,-127.1743,15.18,36.0,1013.0,75.0,4.63,CA,1718409702.0
139,forster,-32.1667,152.5167,12.43,100.0,1015.0,100.0,2.76,AU,1718409782.0
140,vyazemskiy,47.5378,134.7525,13.18,99.0,1001.0,100.0,0.89,RU,1718409670.0
141,hawaiian paradise park,19.5933,-154.9731,26.13,73.0,1017.0,100.0,4.63,US,1718409785.0
142,lionel town,17.8101,-77.2406,29.94,88.0,1011.0,76.0,3.43,JM,1718409786.0
143,balkanabat,39.5108,54.3671,28.52,45.0,1008.0,100.0,2.06,TM,1718409787.0
144,sinabang,2.4803,96.3801,25.8,85.0,1010.0,99.0,2.09,ID,1718409788.0
145,antsiranana,-12.2787,49.2917,22.47,86.0,1013.0,94.0,1.93,MG,1718409790.0
146,petropavlovsk-kamchatsky,53.0452,158.6483,11.33,90.0,1014.0,75.0,4.47,RU,1718409791.0
147,georgetown,5.4112,100.3354,27.96,89.0,1008.0,40.0,1.54,MY,1718409502.0
148,fonte boa,-2.4959,-66.2662,24.02,98.0,1010.0,94.0,1.21,BR,1718409793.0
149,takoradi,4.8845,-1.7554,25.18,86.0,1013.0,92.0,4.14,GH,1718409794.0
150,chibougamau,49.9168,-74.3659,8.79,66.0,1014.0,100.0,3.6,CA,1718409710.0
151,artigas,-30.4,-56.4667,22.67,74.0,1008.0,100.0,1.93,UY,1718409797.0
152,east ballina,-28.8667,153.5833,16.56,69.0,1014.0,47.0,3.13,AU,1718409798.0
153,faya-largeau,17.9257,19.1043,31.67,12.0,1006.0,0.0,1.47,TD,1718409799.0
154,fort wellington,6.4,-57.6,26.5,86.0,1013.0,64.0,5.03,GY,1718409801.0
155,westport,41.1415,-73.3579,23.03,86.0,1011.0,100.0,6.17,US,1718409512.0
156,klyuchi,52.2667,79.1667,19.09,87.0,1010.0,90.0,3.29,RU,1718409803.0
157,darwin,-12.4611,130.8418,24.41,80.0,1015.0,0.0,2.57,AU,1718409602.0
158,port lincoln,-34.7333,135.8667,14.23,71.0,1023.0,54.0,5.92,AU,1718409805.0
159,darzab,35.9774,65.3783,18.67,30.0,1009.0,4.0,1.15,AF,1718409807.0
160,vallenar,-28.5708,-70.7581,12.55,72.0,1019.0,13.0,1.27,CL,1718409604.0
161,buon ma thuot,12.6667,108.05,24.27,89.0,1008.0,49.0,1.25,VN,1718409651.0
162,fortuna,40.5982,-124.1573,17.51,51.0,1022.0,0.0,8.75,US,1718409810.0
163,margate,51.3813,1.3862,13.72,76.0,999.0,100.0,3.13,GB,1718409811.0
164,palmer,42.1584,-72.3287,22.75,80.0,1011.0,100.0,2.06,US,1718409813.0
165,port mathurin,-19.6833,63.4167,23.79,74.0,1018.0,73.0,9.59,MU,1718409814.0
166,laojunmiao,39.8333,97.7333,22.57,28.0,1004.0,100.0,2.37,CN,1718409815.0
167,metlili chaamba,32.2667,3.6333,28.52,30.0,1019.0,0.0,2.06,DZ,1718409816.0
168,fada,9.5667,8.3,21.11,93.0,1013.0,100.0,0.46,NG,1718409818.0
169,myory,55.6217,27.6299,8.52,94.0,1017.0,97.0,1.84,BY,1718409819.0
170,bria,6.5423,21.9863,20.62,91.0,1011.0,100.0,1.65,CF,1718409820.0
171,ribeira grande,38.5167,-28.7,18.76,84.0,1030.0,3.0,1.79,PT,1718409821.0
172,esquel,-42.9,-71.3167,1.86,90.0,1014.0,21.0,3.16,AR,1718409575.0
173,colonia,50.9333,6.95,17.55,86.0,1004.0,20.0,4.63,DE,1718409616.0
174,masterton,-40.9597,175.6575,13.82,58.0,998.0,83.0,5.97,NZ,1718409825.0
175,itapaci,-14.9508,-49.5494,22.49,40.0,1015.0,0.0,0.36,BR,1718409826.0
176,isangel,-19.55,169.2667,26.06,57.0,1014.0,20.0,0.0,VU,1718409827.0
177,salinas,36.6777,-121.6555,28.6,66.0,1017.0,0.0,4.63,US,1718409617.0
178,fort st. john,56.2499,-120.8529,14.94,55.0,1009.0,75.0,1.54,CA,1718409630.0
179,abra pampa,-22.7205,-65.697,7.55,17.0,1015.0,24.0,1.87,AR,1718409831.0
180,new plymouth,-39.0667,174.0833,12.4,100.0,1003.0,63.0,7.53,NZ,1718409832.0
181,benghazi,32.1167,20.0667,24.33,69.0,1014.0,79.0,7.76,LY,1718409675.0
182,puerto san carlos,,,,,,,,,
183,ta'izz,13.5,44.0,25.99,42.0,1008.0,72.0,1.83,YE,1718409602.0
184,gajuwaka,17.7,83.2167,28.07,78.0,1002.0,40.0,1.03,IN,1718409837.0
185,ajuchitlan del progreso,18.1519,-100.4835,34.4,40.0,1005.0,80.0,0.34,MX,1718409838.0
186,stanley,54.868,-1.6985,9.29,93.0,996.0,0.0,1.03,GB,1718409839.0
187,tazovsky,67.4667,78.7,7.78,68.0,1012.0,100.0,1.69,RU,1718409840.0
188,nadym,65.5333,72.5167,9.42,92.0,1010.0,98.0,5.46,RU,1718409841.0
189,salinopolis,-0.6136,-47.3561,27.27,82.0,1013.0,9.0,7.21,BR,1718409843.0
190,pangai,-19.8,-174.35,29.06,84.0,1014.0,20.0,0.0,TO,1718409844.0
191,rawlins,41.7911,-107.2387,22.42,37.0,1019.0,0.0,6.69,US,1718409845.0
192,alofi,-19.0595,-169.9187,27.94,78.0,1015.0,75.0,6.17,NU,1718409846.0
193,antofagasta,-23.65,-70.4,16.6,79.0,1017.0,3.0,1.99,CL,1718409622.0
194,hermanus,-34.4187,19.2345,13.45,86.0,1024.0,7.0,1.48,ZA,1718409438.0
195,ba,,,,,,,,,
196,luanda,-8.8368,13.2343,23.0,88.0,1012.0,75.0,1.03,AO,1718409327.0
197,pibor,,,,,,,,,
198,papatowai,-46.5619,169.4708,10.6,97.0,994.0,100.0,6.82,NZ,1718409486.0
199,lihue,21.9789,-159.3672,30.58,68.0,1019.0,20.0,5.14,US,1718409855.0
200,lebu,-37.6167,-73.65,12.49,91.0,1015.0,58.0,7.47,CL,1718409453.0
201,port saint john's,-31.6229,29.5448,17.56,56.0,1021.0,0.0,2.69,ZA,1718409857.0
202,mokpo,34.7936,126.3886,25.03,88.0,1005.0,51.0,0.62,KR,1718409858.0
203,torghay,49.6339,63.4981,21.44,71.0,1014.0,75.0,3.43,KZ,1718409860.0
204,shimokizukuri,40.8061,140.3861,24.73,69.0,1008.0,84.0,3.56,JP,1718409837.0
205,cheongsong gun,36.4335,129.057,24.95,56.0,1004.0,93.0,2.1,KR,1718409632.0
206,hamilton,39.1834,-84.5333,30.97,55.0,1013.0,0.0,4.63,US,1718409395.0
207,'ohonua,,,,,,,,,
208,santiago de cao,-7.9589,-79.2392,17.07,94.0,1014.0,100.0,4.63,PE,1718409866.0
209,coahuayana de hidalgo,18.7,-103.6583,29.53,69.0,1008.0,73.0,2.15,MX,1718409867.0
210,afaahiti,-17.75,-149.2833,27.93,81.0,1016.0,43.0,7.5,PF,1718409491.0
211,el calafate,-50.3408,-72.2768,1.75,88.0,997.0,40.0,4.28,AR,1718409862.0
212,cao bang,22.6667,106.25,25.41,97.0,1004.0,100.0,0.76,VN,1718409870.0
213,strezhevoy,60.7333,77.5889,19.98,63.0,1011.0,12.0,0.45,RU,1718409872.0
214,nova vicosa,-17.8919,-39.3719,23.3,80.0,1021.0,0.0,3.11,BR,1718409873.0
215,barakani,-12.1356,44.4317,24.45,71.0,1014.0,2.0,3.67,KM,1718409874.0
216,chu,43.5983,73.7614,16.81,45.0,1010.0,0.0,1.84,KZ,1718409875.0
217,jianshui,23.6363,102.8264,21.35,94.0,1007.0,100.0,0.67,CN,1718409876.0
218,ialysos,36.4104,28.1655,25.9,85.0,1004.0,20.0,6.69,GR,1718409790.0
219,saint-laurent-de-la-salanque,42.7667,2.9833,21.23,77.0,1013.0,75.0,1.03,FR,1718409879.0
220,kavaratti,10.5669,72.642,28.3,80.0,1008.0,64.0,5.5,IN,1718409880.0
221,tanjung pandan,-2.75,107.65,26.95,85.0,1010.0,58.0,2.63,ID,1718409881.0
222,khandyga,62.6667,135.6,19.1,58.0,1003.0,46.0,2.86,RU,1718409454.0
223,horishni plavni,49.0097,33.6455,17.18,97.0,1009.0,100.0,3.58,UA,1718409884.0
224,mokhsogollokh,61.4681,128.9203,19.01,54.0,1000.0,90.0,2.85,RU,1718409885.0
225,hilo,19.7297,-155.09,26.25,80.0,1018.0,100.0,4.63,US,1718409837.0
226,jamestown,42.097,-79.2353,20.85,59.0,1016.0,0.0,4.63,US,1718409749.0
227,marondera,-18.1853,31.5519,4.14,92.0,1025.0,0.0,3.05,ZW,1718409888.0
228,sinop,41.7711,34.8709,17.23,94.0,1008.0,84.0,2.8,TR,1718409890.0
229,tranovaho,,,,,,,,,
230,loango,-4.6719,11.8312,22.81,94.0,1012.0,40.0,1.03,CG,1718409892.0
231,st. john's,47.5649,-52.7093,17.66,75.0,1015.0,40.0,9.26,CA,1718409751.0
232,carnarvon,-24.8667,113.6333,19.55,60.0,1015.0,32.0,5.07,AU,1718409894.0
233,oranjemund,-28.55,16.4333,13.25,94.0,1020.0,3.0,3.45,NA,1718409896.0
234,cabo san lucas,22.8909,-109.9124,33.12,74.0,998.0,0.0,5.66,MX,1718409790.0
235,gbarnga,6.9956,-9.4722,21.6,99.0,1015.0,100.0,0.89,LR,1718409898.0
236,manavalakurichi,8.1333,77.3,26.7,84.0,1008.0,100.0,6.08,IN,1718409899.0
237,ulaangom,49.9811,92.0667,21.75,43.0,1008.0,88.0,2.38,MN,1718409901.0
238,manicore,-5.8092,-61.3003,26.49,63.0,1009.0,21.0,0.7,BR,1718409902.0
239,port hedland,-20.3167,118.5667,17.03,88.0,1015.0,0.0,2.57,AU,1718409903.0
240,la sarre,48.8002,-79.1996,12.0,63.0,1016.0,29.0,3.03,CA,1718409905.0
241,kayangel,8.0823,134.7173,28.23,78.0,1011.0,83.0,4.9,PW,1718409906.0
242,northam,51.0333,-4.2167,11.48,97.0,999.0,45.0,6.8,GB,1718409908.0
243,takamaka,,,,,,,,,
244,langepas,61.2544,75.2124,20.7,80.0,1009.0,68.0,3.14,RU,1718409910.0
245,nema,57.5067,50.5011,18.08,98.0,1009.0,90.0,2.1,RU,1718409911.0
246,alotau,,,,,,,,,
247,lesogorsk,56.0458,99.5136,18.85,58.0,1009.0,98.0,1.34,RU,1718409914.0
248,pokrovsk,48.282,37.1758,19.62,65.0,1008.0,60.0,2.91,UA,1718409915.0
249,ytyk-kyuyel',,,,,,,,,
250,kodiak,57.79,-152.4072,21.73,35.0,1019.0,0.0,7.2,US,1718409917.0
251,fort bragg,35.139,-79.006,32.91,49.0,1010.0,0.0,3.09,US,1718409919.0
252,shijiazhuang,38.0414,114.4786,25.92,36.0,1006.0,3.0,1.32,CN,1718409920.0
253,talnakh,69.4865,88.3972,5.67,89.0,1013.0,100.0,1.16,RU,1718409921.0
254,araure,9.5601,-69.2148,23.76,94.0,1011.0,99.0,0.61,VE,1718409923.0
255,bozeman,45.6796,-111.0386,25.96,46.0,1010.0,0.0,5.14,US,1718409924.0
256,hirara,24.8,125.2833,29.92,94.0,1006.0,40.0,8.75,JP,1718409925.0
257,washougal,45.5826,-122.3534,21.96,46.0,1018.0,75.0,3.09,US,1718409926.0
258,noshiro,40.2039,140.0242,23.46,53.0,1007.0,85.0,0.51,JP,1718409691.0
259,hasaki,35.7333,140.8333,27.38,69.0,1010.0,92.0,3.0,JP,1718409727.0
260,san patricio,28.017,-97.5169,33.42,57.0,1010.0,42.0,6.77,US,1718409930.0
261,san nicolas,18.1725,120.5953,29.95,84.0,1008.0,75.0,1.03,PH,1718409931.0
262,cherepovets,59.1333,37.9,12.66,94.0,1013.0,100.0,0.52,RU,1718409932.0
263,uturoa,-16.7333,-151.4333,26.85,75.0,1014.0,1.0,7.58,PF,1718409934.0
264,pontes e lacerda,-15.2261,-59.3353,25.56,49.0,1010.0,5.0,1.13,BR,1718409935.0
265,calabozo,8.9242,-67.4293,24.87,91.0,1010.0,99.0,1.39,VE,1718409936.0
266,melong,5.1218,9.9614,20.53,99.0,1014.0,100.0,0.29,CM,1718409937.0
267,new norfolk,-42.7826,147.0587,8.84,85.0,1026.0,100.0,1.18,AU,1718409463.0
268,abenberg,49.2428,10.964,16.31,88.0,1009.0,72.0,3.3,DE,1718409940.0
269,tecoman,18.9167,-103.8833,30.11,64.0,1008.0,61.0,3.23,MX,1718409941.0
270,ambodifotatra,-16.9833,49.85,24.57,83.0,1015.0,69.0,5.83,MG,1718409942.0
271,dumas,35.8656,-101.9732,29.74,45.0,1017.0,0.0,2.06,US,1718409944.0
272,rzhaksa,52.1338,42.0264,14.74,96.0,1013.0,65.0,2.69,RU,1718409945.0
273,jalai nur,49.45,117.7,19.73,45.0,1006.0,27.0,3.77,CN,1718409946.0
274,hecun,36.5333,114.1111,28.33,41.0,1006.0,3.0,0.97,CN,1718409947.0
275,yaren,-0.5472,166.916,28.65,71.0,1011.0,100.0,2.71,NR,1718409519.0
276,khabarovsk,48.4808,135.0928,13.89,100.0,1002.0,100.0,4.0,RU,1718409950.0
277,villanueva,15.3167,-88.0,32.55,62.0,1005.0,40.0,5.66,HN,1718409951.0
278,egilsstadir,65.2653,-14.3948,8.95,76.0,1014.0,0.0,5.14,IS,1718409952.0
279,nemuro,43.3236,145.575,10.1,95.0,1012.0,100.0,3.53,JP,1718409663.0
280,mount pearl,47.5166,-52.7813,17.19,76.0,1015.0,40.0,9.26,CA,1718409954.0
281,bangassou,4.7413,22.8184,20.87,96.0,1010.0,57.0,1.24,CF,1718409956.0
282,winnemucca,40.973,-117.7357,33.03,10.0,1012.0,0.0,7.72,US,1718409957.0
283,san felipe,10.3399,-68.7425,23.16,94.0,1012.0,100.0,0.97,VE,1718409958.0
284,eldorado at santa fe,35.5264,-105.9347,25.16,38.0,1007.0,99.0,9.77,US,1718409960.0
285,cape canaveral,28.4058,-80.6048,28.93,85.0,1009.0,0.0,1.34,US,1718409919.0
286,ceeldheer,3.8488,47.1806,24.49,87.0,1011.0,92.0,5.77,SO,1718409962.0
287,la passe,45.5549,-0.8967,14.43,76.0,1012.0,67.0,8.31,FR,1718409963.0
288,pont-l'abbe,,,,,,,,,
289,luderitz,-26.6481,15.1594,17.09,60.0,1017.0,0.0,3.86,NA,1718409966.0
290,tangalle,6.024,80.7911,25.95,88.0,1008.0,100.0,4.95,LK,1718409967.0
291,machico,32.7,-16.7667,21.35,83.0,1022.0,40.0,4.63,PT,1718409968.0
292,la ronge,55.1001,-105.2842,21.14,43.0,1010.0,75.0,2.06,CA,1718409723.0
293,jimo,36.3897,120.4622,21.88,94.0,1004.0,75.0,2.0,CN,1718409971.0
294,modimolle,-24.7,28.4,9.04,48.0,1025.0,0.0,1.24,ZA,1718409972.0
295,turpan,42.9333,89.1667,30.25,31.0,1001.0,88.0,1.89,CN,1718409973.0
296,cafayate,-26.073,-65.9761,18.39,31.0,1010.0,2.0,2.15,AR,1718409974.0
297,baruun-urt,46.6806,113.2792,17.3,40.0,1011.0,43.0,3.14,MN,1718409976.0
298,wanning,18.8003,110.3967,29.6,82.0,1004.0,99.0,4.12,CN,1718409977.0
299,aykol,,,,,,,,,
300,shangri-la,,,,,,,,,
301,santa maria da boa vista,-8.8078,-39.8256,24.15,57.0,1017.0,13.0,8.06,BR,1718409866.0
302,wetaskiwin,52.9668,-113.3687,18.14,72.0,1004.0,67.0,8.79,CA,1718409982.0
303,reggane,26.7158,0.1714,38.44,9.0,1008.0,64.0,5.89,DZ,1718409884.0
304,parapat,2.663,98.9349,20.24,92.0,1013.0,70.0,0.51,ID,1718409984.0
305,kamloops,50.6665,-120.3192,22.64,26.0,1013.0,40.0,10.29,CA,1718409776.0
306,cargados carajos,,,,,,,,,
307,abrego,8.0807,-73.2205,18.85,92.0,1013.0,100.0,1.58,CO,1718409988.0
308,shakhtinsk,49.71,72.5872,15.78,78.0,1013.0,18.0,2.33,KZ,1718409989.0
309,richards bay,-28.783,32.0377,16.67,93.0,1023.0,0.0,3.15,ZA,1718409990.0
310,baise city,23.8997,106.6133,24.95,96.0,1003.0,100.0,0.49,CN,1718409991.0
311,pouso alegre,-22.23,-45.9364,13.75,74.0,1022.0,12.0,0.43,BR,1718409739.0
312,bereznik,62.8551,42.7072,11.03,92.0,1013.0,84.0,2.13,RU,1718409994.0
313,bizhbulyak,53.6967,54.2642,19.44,71.0,1013.0,26.0,2.74,RU,1718409995.0
314,nova xavantina,-14.6667,-52.35,23.04,47.0,1014.0,0.0,0.36,BR,1718409996.0
315,juli,-16.2167,-69.45,6.24,54.0,1018.0,0.0,1.62,PE,1718409998.0
316,nadvirna,48.6348,24.5694,11.65,91.0,1016.0,100.0,1.51,UA,1718409999.0
317,madingou,-4.1536,13.55,24.22,81.0,1011.0,58.0,1.55,CG,1718410000.0
318,gadzhiyevo,69.2551,33.3362,11.24,73.0,1014.0,7.0,1.8,RU,1718409741.0
319,rio grande,-32.035,-52.0986,25.06,76.0,1011.0,72.0,1.09,BR,1718409765.0
320,watford city,47.8022,-103.2832,25.09,60.0,1008.0,0.0,9.26,US,1718410004.0
321,usogorsk,63.4106,48.6872,14.26,97.0,1011.0,100.0,4.14,RU,1718410005.0
322,zyryanovsk,49.7386,84.2719,14.13,90.0,1011.0,73.0,0.18,KZ,1718410006.0
323,mount isa,-20.7333,139.5,19.87,40.0,1020.0,0.0,3.6,AU,1718410007.0
324,tolanaro,-25.0319,46.9987,19.74,88.0,1018.0,42.0,2.5,MG,1718410009.0
325,nebraska city,40.6767,-95.8592,30.89,37.0,1017.0,0.0,3.09,US,1718410010.0
326,sandnessjoen,66.0217,12.6316,9.29,87.0,1010.0,86.0,1.66,NO,1718410011.0
327,at taj,24.2049,23.2857,29.94,14.0,1009.0,0.0,3.86,LY,1718410012.0
328,inekar,,,,,,,,,
329,okhotsk,59.3833,143.3,7.51,85.0,1011.0,90.0,3.43,RU,1718410015.0
330,quellon,-43.1167,-73.6167,8.08,80.0,1015.0,100.0,1.91,CL,1718409965.0
331,as sulayyil,20.4607,45.5779,30.14,9.0,1001.0,6.0,3.62,SA,1718410017.0
332,iskateley,67.6803,53.1512,5.01,69.0,1018.0,88.0,5.81,RU,1718410018.0
333,vorkuta,67.5,64.0,5.06,96.0,1014.0,100.0,5.36,RU,1718409770.0
334,taoudenni,22.6783,-3.9836,39.49,9.0,1005.0,38.0,5.93,ML,1718410021.0
335,vingt cinq,,,,,,,,,
336,alo,7.4178,6.7371,23.96,97.0,1013.0,100.0,1.7,NG,1718410023.0
337,monkayo,7.8667,126.1,26.5,85.0,1011.0,87.0,0.78,PH,1718410024.0
338,gueltat zemmour,,,,,,,,,
339,paungde,18.4833,95.5,26.18,93.0,1005.0,100.0,3.5,MM,1718410027.0
340,olinda,-8.0089,-34.8553,24.85,94.0,1016.0,75.0,9.26,BR,1718409610.0
341,hadibu,12.65,54.0333,27.27,80.0,1005.0,90.0,7.27,YE,1718409963.0
342,sao tome,0.3365,6.7273,25.83,85.0,1013.0,100.0,3.97,ST,1718410030.0
343,key biscayne,25.6937,-80.1628,29.45,88.0,1013.0,100.0,5.14,US,1718410032.0
344,lycksele,64.5954,18.6735,3.93,100.0,1012.0,40.0,1.03,SE,1718410033.0
345,eyl,7.9803,49.8164,26.21,70.0,1008.0,27.0,9.31,SO,1718410034.0
346,paciran,-6.8767,112.3761,26.94,84.0,1011.0,19.0,3.19,ID,1718410035.0
347,san antonio de pale,-1.4014,5.6325,24.96,84.0,1013.0,69.0,6.1,GQ,1718410036.0
348,whyalla stuart,,,,,,,,,
349,verkhov'ye,52.8119,37.2425,13.5,93.0,1013.0,88.0,2.52,RU,1718410039.0
350,arno,60.1167,18.6333,11.55,92.0,1014.0,64.0,4.04,SE,1718410040.0
351,escanaba,45.7453,-87.0646,20.98,52.0,1019.0,0.0,3.09,US,1718410042.0
352,constitucion,-35.3333,-72.4167,12.66,88.0,1020.0,17.0,6.27,CL,1718409956.0
353,saratamata,,,,,,,,,
354,cambria,35.5641,-121.0808,36.98,49.0,1013.0,61.0,6.27,US,1718410045.0
355,codrington,-38.2667,141.9667,11.16,79.0,1024.0,100.0,4.61,AU,1718410047.0
356,natal,-5.795,-35.2094,25.36,94.0,1015.0,20.0,2.06,BR,1718409813.0
357,kailua-kona,19.6406,-155.9956,27.98,86.0,1019.0,75.0,5.14,US,1718410049.0
358,wewak,-3.5534,143.6268,28.58,73.0,1012.0,59.0,1.62,PG,1718410050.0
359,ad dilam,23.9915,47.1627,33.23,12.0,1000.0,0.0,2.75,SA,1718410051.0
360,qarah bagh,34.9402,61.7759,20.96,28.0,1007.0,3.0,4.14,AF,1718410053.0
361,vodnyy,63.5046,53.4095,12.45,97.0,1009.0,100.0,4.1,RU,1718410054.0
362,hayma',,,,,,,,,
363,atherton,53.5237,-2.4935,12.08,84.0,997.0,91.0,1.07,GB,1718410056.0
364,tynda,55.1667,124.7167,18.78,51.0,1003.0,15.0,0.52,RU,1718410057.0
365,kobuleti,41.82,41.7753,23.0,50.0,1008.0,30.0,4.4,GE,1718410059.0
366,dhulia,20.9,74.7833,28.51,65.0,1004.0,88.0,3.76,IN,1718409985.0
367,assab,13.0092,42.7394,31.87,67.0,1003.0,80.0,3.19,ER,1718410063.0
368,kohat,33.582,71.4493,29.42,30.0,1000.0,5.0,2.24,PK,1718410064.0
369,mazamari,-11.3258,-74.5308,24.88,74.0,1011.0,100.0,0.18,PE,1718410065.0
370,kapuskasing,49.4169,-82.4331,15.45,37.0,1017.0,6.0,3.08,CA,1718410063.0
371,bel ombre,-4.6167,55.4167,27.41,77.0,1010.0,88.0,3.13,SC,1718410068.0
372,gereida,11.2811,25.1414,29.27,52.0,1009.0,72.0,4.11,SD,1718410069.0
373,queenstown,-31.8976,26.8753,9.79,45.0,1025.0,0.0,2.53,ZA,1718410070.0
374,sarina,-21.4333,149.2167,23.48,1.0,1016.0,0.0,1.21,AU,1718410071.0
375,barreiro do jaiba,-15.6167,-43.6,22.85,49.0,1018.0,0.0,3.43,BR,1718409839.0
376,guerrero negro,27.9769,-114.0611,19.23,73.0,1010.0,1.0,9.89,MX,1718409848.0
377,touros,-5.1989,-35.4608,24.02,90.0,1015.0,73.0,3.68,BR,1718409958.0
378,horta,38.5333,-28.6333,18.34,84.0,1030.0,3.0,1.79,PT,1718410076.0
379,sur,22.5667,59.5289,31.59,56.0,999.0,0.0,2.46,OM,1718410077.0
380,merritt,50.1123,-120.7942,17.96,29.0,1015.0,2.0,2.68,CA,1718410078.0
381,ulladulla,-35.35,150.4667,11.44,85.0,1019.0,100.0,5.52,AU,1718410080.0
382,mytilene,39.11,26.5547,23.28,71.0,1010.0,1.0,0.45,GR,1718410081.0
383,slavgorod,52.9978,78.6449,19.14,79.0,1011.0,66.0,2.96,RU,1718410082.0
384,kodinsk,58.6881,99.1844,16.36,56.0,1008.0,98.0,4.45,RU,1718410083.0
385,zhoucheng,35.9122,116.3117,30.72,37.0,1004.0,2.0,3.26,CN,1718410084.0
386,sao jose da coroa grande,-8.8978,-35.1478,25.07,85.0,1017.0,57.0,6.31,BR,1718409820.0
387,ad dawadimi,24.5077,44.3924,26.64,15.0,1004.0,0.0,3.94,SA,1718410087.0
388,malabar,-33.9667,151.25,12.64,90.0,1017.0,75.0,6.17,AU,1718410088.0
389,mansa,29.9833,75.3833,33.27,31.0,999.0,0.0,4.22,IN,1718410089.0
390,daru,-9.0763,143.2092,25.14,74.0,1014.0,100.0,5.04,PG,1718410090.0
391,vitoria de santo antao,-8.1181,-35.2914,21.75,97.0,1018.0,52.0,3.47,BR,1718410041.0
392,bac lieu,9.285,105.7244,29.35,70.0,1008.0,100.0,3.8,VN,1718410093.0
393,korla,41.7597,86.1469,25.07,30.0,1003.0,25.0,8.13,CN,1718410094.0
394,tanah merah,5.8,102.15,23.84,99.0,1010.0,90.0,0.92,MY,1718410095.0
395,nuuk,64.1835,-51.7216,6.54,74.0,1015.0,77.0,3.15,GL,1718409926.0
396,popondetta,-8.7537,148.2534,26.76,71.0,1014.0,97.0,0.37,PG,1718410098.0
397,uruacu,-14.5247,-49.1408,22.67,38.0,1016.0,0.0,1.77,BR,1718409933.0
398,kultali,,,,,,,,,
399,bardai,11.65,7.2333,24.97,73.0,1012.0,100.0,5.55,NG,1718410101.0
400,choyr,46.3611,108.3611,15.6,47.0,1012.0,1.0,4.35,MN,1718410103.0
401,iisalmi,63.5592,27.1907,7.88,93.0,1014.0,92.0,1.02,FI,1718410104.0
402,palangkaraya,-2.2,113.8333,24.9,92.0,1011.0,97.0,0.32,ID,1718410105.0
403,kuanda,56.3161,116.0806,19.83,54.0,1003.0,72.0,0.39,RU,1718410106.0
404,esfarayen,37.0765,57.5101,21.78,33.0,1010.0,59.0,2.07,IR,1718410107.0
405,mhamid,29.82,-5.72,32.73,20.0,1013.0,94.0,9.23,MA,1718410109.0
406,alaghsas,17.0187,8.0168,30.7,33.0,1007.0,6.0,2.27,NE,1718410110.0
407,mgandu,-5.95,34.1333,13.97,71.0,1015.0,0.0,3.22,TZ,1718410111.0
408,kolokani,13.5728,-8.0339,27.84,60.0,1013.0,18.0,4.92,ML,1718410112.0
409,aroma,15.8167,36.1333,30.49,50.0,1006.0,47.0,5.98,SD,1718410113.0
410,tianshui,34.5439,105.6897,22.35,48.0,1007.0,83.0,0.79,CN,1718410115.0
411,keren,15.7778,38.4581,24.54,55.0,1009.0,1.0,0.32,ER,1718410116.0
412,dickinson,29.4608,-95.0513,34.5,64.0,1011.0,0.0,4.12,US,1718409887.0
413,dongola,19.1667,30.4833,33.58,10.0,1004.0,0.0,4.87,SD,1718410118.0
414,gualeguay,-33.1416,-59.3097,16.86,83.0,1011.0,48.0,4.15,AR,1718410120.0
415,suwayr,30.1171,40.3893,32.52,18.0,1004.0,0.0,3.96,SA,1718410121.0
416,mandalgovi,45.7625,106.2708,15.46,38.0,1013.0,85.0,4.55,MN,1718410122.0
417,lompoc,34.6391,-120.4579,25.47,70.0,1014.0,0.0,8.23,US,1718409982.0
418,wonju,37.3514,127.9453,19.89,97.0,1005.0,99.0,0.87,KR,1718410125.0
419,eagle river,45.9172,-89.2443,22.99,33.0,1020.0,75.0,0.0,US,1718410126.0
420,tondano,1.3038,124.9112,22.05,97.0,1013.0,100.0,1.46,ID,1718410127.0
421,kununurra,-15.7667,128.7333,20.99,73.0,1016.0,14.0,0.0,AU,1718409965.0
422,maracas,-13.4411,-40.4308,16.02,92.0,1022.0,0.0,3.86,BR,1718409930.0
423,conde,-7.2597,-34.9075,23.7,100.0,1016.0,75.0,2.57,BR,1718409902.0
424,port-gentil,-0.7193,8.7815,24.95,85.0,1012.0,100.0,7.14,GA,1718410132.0
425,soio,-6.1349,12.3689,22.5,93.0,1013.0,84.0,1.7,AO,1718410133.0
426,kosonsoy,41.2561,71.5508,19.31,35.0,1007.0,3.0,3.32,UZ,1718410134.0
427,puerto el triunfo,13.2833,-88.55,28.53,79.0,1007.0,100.0,5.19,SV,1718410135.0
428,olyokminsk,60.3736,120.4264,21.21,54.0,996.0,32.0,4.07,RU,1718410137.0
429,inirida,3.8653,-67.9239,22.66,99.0,1010.0,100.0,0.63,CO,1718410138.0
430,waingapu,-9.6567,120.2641,23.95,80.0,1014.0,12.0,2.63,ID,1718410139.0
431,pingnan,23.5543,110.3976,25.39,97.0,1003.0,100.0,1.39,CN,1718410140.0
432,antonio enes,-16.2325,39.9086,19.88,91.0,1017.0,60.0,4.41,MZ,1718410142.0
433,bandarbeyla,9.4942,50.8122,26.64,70.0,1006.0,3.0,10.21,SO,1718410143.0
434,konarka,19.9,86.1167,29.22,86.0,1001.0,89.0,4.64,IN,1718410145.0
435,hancheng,32.5186,112.3522,30.8,37.0,1004.0,11.0,4.74,CN,1718410146.0
436,howrah,22.5892,88.3103,30.0,94.0,998.0,40.0,5.14,IN,1718410147.0
437,cartagena del chaira,1.3349,-74.8429,23.37,97.0,1010.0,100.0,1.23,CO,1718410148.0
438,kill devil hills,36.0307,-75.676,25.0,79.0,1011.0,0.0,2.57,US,1718410150.0
439,pacific grove,36.6177,-121.9166,25.77,70.0,1017.0,0.0,4.63,US,1718410151.0
440,wajir,1.7471,40.0573,23.31,62.0,1012.0,3.0,6.51,KE,1718410152.0
441,chaupimarca,-10.4333,-76.5333,4.73,88.0,1018.0,91.0,1.88,PE,1718410153.0
442,nueva gerona,21.8833,-82.8,26.42,87.0,1011.0,100.0,2.72,CU,1718410154.0
443,ii,,,,,,,,,
444,markovo,57.3206,107.0881,16.62,83.0,1003.0,100.0,4.39,RU,1718410157.0
445,posto fiscal rolim de moura,-13.0833,-62.2667,26.46,56.0,1009.0,5.0,2.0,BR,1718410030.0
446,dorfen,48.2667,12.15,14.57,93.0,995.0,61.0,0.89,DE,1718410159.0
447,seogwipo,,,,,,,,,
448,archangelos,36.2149,28.1149,24.99,69.0,1007.0,63.0,3.09,GR,1718410162.0
449,sitka,57.0531,-135.33,13.94,62.0,1018.0,40.0,3.09,US,1718410163.0
450,richard-toll,16.4625,-15.7008,27.7,47.0,1011.0,44.0,4.08,SN,1718410164.0
451,stornoway,58.2093,-6.3865,10.02,94.0,995.0,100.0,1.03,GB,1718410165.0
452,allanridge,-27.7543,26.6438,9.13,40.0,1026.0,0.0,1.19,ZA,1718410167.0
453,pariaman,-0.619,100.12,24.03,93.0,1011.0,100.0,3.19,ID,1718410168.0
454,sake,-1.5736,29.045,19.14,74.0,1014.0,58.0,0.36,CD,1718410169.0
455,boyolangu,-8.1181,111.8935,24.7,90.0,1012.0,23.0,0.59,ID,1718410170.0
456,suva,-18.1416,178.4415,26.08,82.0,1014.0,48.0,3.28,FJ,1718410172.0
457,zvezdnyy,57.7325,56.3147,22.33,90.0,1012.0,10.0,2.58,RU,1718410173.0
458,luorong,24.4058,109.6086,24.79,97.0,1003.0,100.0,0.99,CN,1718410174.0
459,nova sintra,14.8667,-24.7167,22.73,83.0,1015.0,81.0,12.47,CV,1718410175.0
460,booue,-0.0921,11.9385,23.83,90.0,1011.0,100.0,0.99,GA,1718410176.0
461,humberto de campos,-2.5983,-43.4611,23.4,95.0,1014.0,12.0,1.49,BR,1718409951.0
462,jiuquan,39.7432,98.5174,24.25,26.0,1002.0,91.0,2.16,CN,1718410179.0
463,lorengau,-2.0226,147.2712,27.94,77.0,1011.0,86.0,0.93,PG,1718410180.0
464,bubaque,11.2833,-15.8333,26.05,89.0,1013.0,100.0,5.74,GW,1718410181.0
465,salaga,8.5508,-0.5188,25.81,81.0,1013.0,99.0,2.96,GH,1718410037.0
466,along,28.1667,94.7667,22.15,99.0,1005.0,81.0,0.07,IN,1718410184.0
467,zhongshan,21.3226,110.5829,29.33,79.0,1003.0,96.0,2.17,CN,1718410185.0
468,novodvinsk,64.4165,40.8122,12.66,89.0,1015.0,100.0,1.89,RU,1718410186.0
469,aykhal,66.0,111.5,6.14,78.0,998.0,100.0,11.0,RU,1718410188.0
470,mani,4.8172,-72.2886,24.27,93.0,1010.0,100.0,2.46,CO,1718410189.0
471,el bolson,-41.9667,-71.5167,4.44,95.0,1014.0,31.0,2.36,AR,1718410190.0
472,kolonia,50.9333,6.95,17.55,86.0,1004.0,0.0,4.63,DE,1718410191.0
473,yuzhno-kurilsk,44.0306,145.8556,11.88,89.0,1013.0,95.0,3.15,RU,1718410192.0
474,marsaskala,,,,,,,,,
475,arraial do cabo,-22.9661,-42.0278,23.15,77.0,1020.0,0.0,10.01,BR,1718410164.0
476,shubarkuduk,49.1447,56.4872,25.2,48.0,1013.0,19.0,4.81,KZ,1718410196.0
477,ingeniero jacobacci,-41.3427,-69.5448,5.54,75.0,1012.0,61.0,6.96,AR,1718410197.0
478,hood river,45.7054,-121.5215,23.28,42.0,1019.0,100.0,5.36,US,1718410060.0
479,mayya,61.7333,130.2811,19.62,51.0,1000.0,71.0,2.21,RU,1718410200.0
480,vila do maio,15.1333,-23.2167,22.04,84.0,1015.0,60.0,8.61,CV,1718410201.0
481,center moriches,40.8004,-72.7898,22.19,88.0,1012.0,75.0,2.06,US,1718410202.0
482,krasnyy chikoy,50.3643,108.7512,15.72,66.0,1012.0,9.0,1.8,RU,1718410204.0
483,lokomotivnyy,53.0118,60.5684,21.42,57.0,1015.0,10.0,1.47,RU,1718410205.0
484,merritt island,28.5392,-80.672,29.46,83.0,1012.0,0.0,3.09,US,1718410013.0
485,tarrafal de sao nicolau,16.5667,-24.3667,22.41,80.0,1016.0,35.0,6.81,CV,1718410208.0
486,glace bay,46.1969,-59.957,18.27,78.0,1013.0,92.0,3.58,CA,1718410209.0
487,inari,68.906,27.0288,10.11,75.0,1013.0,43.0,1.03,FI,1718410210.0
488,nanded,,,,,,,,,
489,shache,38.4167,77.2406,23.96,33.0,1002.0,7.0,4.71,CN,1718410212.0
490,pitimbu,-7.4706,-34.8086,24.33,88.0,1016.0,14.0,6.1,BR,1718409930.0
491,dalmatovo,56.26,62.9362,19.16,74.0,1014.0,14.0,2.68,RU,1718410215.0
492,faulquemont,49.0471,6.6031,16.73,93.0,1006.0,98.0,7.65,FR,1718410216.0
493,makokou,0.5738,12.8642,21.82,96.0,1011.0,100.0,1.13,GA,1718410217.0
494,vernon,50.2581,-119.2691,24.05,43.0,1012.0,37.0,4.92,CA,1718410219.0
495,morehead city,34.7229,-76.726,28.03,78.0,1012.0,0.0,1.54,US,1718410054.0
496,vila franca do campo,37.7167,-25.4333,19.23,99.0,1029.0,12.0,1.97,PT,1718410221.0
497,leova,46.4786,28.2553,16.62,85.0,1012.0,100.0,7.71,MD,1718410222.0
498,the pas,53.8251,-101.2541,18.82,59.0,1010.0,82.0,3.67,CA,1718410223.0
499,vallegrande,-18.4897,-64.1069,14.31,97.0,1010.0,8.0,3.06,BO,1718410225.0
500,awjilah,29.1081,21.2869,31.85,26.0,1010.0,0.0,6.07,LY,1718410226.0
501,hoxtolgay,,,,,,,,,
502,ko samui,9.5357,99.9357,28.95,74.0,1008.0,20.0,2.57,TH,1718409999.0
503,poronaysk,49.2167,143.1167,7.59,97.0,1012.0,100.0,3.94,RU,1718410230.0
504,pyshma,56.9523,63.2513,19.34,76.0,1013.0,43.0,2.72,RU,1718410231.0
505,erenhot,43.6475,111.9767,17.3,42.0,1012.0,25.0,1.88,CN,1718410232.0
506,guajara mirim,-10.7828,-65.3394,28.25,56.0,1009.0,35.0,1.62,BR,1718410233.0
507,mineiros,-17.5694,-52.5511,19.98,42.0,1016.0,1.0,3.05,BR,1718410063.0
508,cidreira,-30.1811,-50.2056,20.28,73.0,1011.0,13.0,2.85,BR,1718410236.0
509,toksovo,60.1532,30.5165,13.57,77.0,1016.0,98.0,2.01,RU,1718410237.0
510,nkurenkuru,,,,,,,,,
511,xique xique,-10.8217,-42.7311,25.02,52.0,1017.0,86.0,4.62,BR,1718410239.0
512,ironwood,46.4547,-90.171,23.19,43.0,1019.0,0.0,2.06,US,1718410240.0
513,son la,21.3167,103.9,22.24,95.0,1006.0,100.0,0.55,VN,1718410242.0
514,lubz,53.4626,12.0292,13.99,95.0,1007.0,56.0,3.85,DE,1718410243.0
515,carinhanha,-14.3047,-43.765,26.14,40.0,1017.0,5.0,5.76,BR,1718410232.0
516,patterson,37.4716,-121.1297,34.3,9.0,1011.0,0.0,5.03,US,1718410245.0
517,beira,-19.8436,34.8389,21.05,73.0,1019.0,20.0,2.57,MZ,1718410246.0
518,kerikeri,-35.2268,173.9474,16.06,79.0,1007.0,54.0,2.24,NZ,1718410115.0
519,el abiodh sidi cheikh,32.893,0.5484,27.15,25.0,1015.0,10.0,2.65,DZ,1718410249.0
520,heroica guaymas,27.9333,-110.9,29.65,79.0,1005.0,0.0,4.12,MX,1718410033.0
521,port augusta,-32.5,137.7667,14.51,68.0,1021.0,67.0,7.56,AU,1718410251.0
522,abalak,58.1286,68.5944,20.75,81.0,1013.0,15.0,1.88,RU,1718410252.0
523,kerman,30.2832,57.0788,24.86,24.0,1005.0,37.0,1.09,IR,1718410254.0
524,nogliki,51.8333,143.1667,6.86,93.0,1006.0,100.0,2.68,RU,1718410255.0
525,saltillo,25.4167,-101.0,28.49,33.0,1006.0,67.0,6.26,MX,1718410203.0
526,hiratacho,35.4333,132.8167,28.23,55.0,1004.0,77.0,0.19,JP,1718410257.0
527,zholymbet,51.7433,71.7122,19.65,71.0,1013.0,60.0,1.26,KZ,1718410258.0
528,yenipazar,37.8242,28.1972,21.8,49.0,1009.0,100.0,0.96,TR,1718410260.0
529,velikiye luki,56.34,30.5452,9.95,98.0,1016.0,96.0,1.86,RU,1718410261.0
530,ketchikan,55.3422,-131.6461,15.75,58.0,1016.0,75.0,3.6,US,1718410147.0
531,chitipa,-9.7024,33.2697,11.35,97.0,1019.0,26.0,2.1,MW,1718410263.0
532,saldanha,-33.0117,17.9442,9.03,86.0,1023.0,1.0,3.66,ZA,1718410264.0
533,agua branca,-5.8922,-42.6361,26.98,57.0,1014.0,98.0,1.5,BR,1718410266.0
534,portland,45.5234,-122.6762,22.04,47.0,1019.0,75.0,3.6,US,1718410267.0
535,murray bridge,-35.1167,139.2667,8.52,90.0,1021.0,100.0,3.52,AU,1718410268.0
536,yambio,4.5721,28.3955,19.7,94.0,1011.0,44.0,0.8,SS,1718410269.0
537,montmagny,48.9734,2.3469,15.02,79.0,1004.0,100.0,7.72,FR,1718410270.0
538,north bay,46.3168,-79.4663,17.75,57.0,1016.0,12.0,6.97,CA,1718410188.0
539,villa gesell,-37.2639,-56.973,12.81,59.0,1012.0,93.0,3.86,AR,1718410273.0
540,vrangel',42.7297,133.0839,13.59,98.0,1005.0,100.0,4.8,RU,1718410274.0
541,armacao de buzios,-22.7469,-41.8817,22.6,79.0,1020.0,1.0,8.97,BR,1718410275.0
542,anshun,26.25,105.9333,20.65,76.0,1006.0,75.0,1.0,CN,1718410277.0
543,madalena,41.2162,-8.3345,15.26,85.0,1019.0,99.0,0.66,PT,1718410278.0
544,kangding,30.0513,101.9603,15.44,79.0,1015.0,99.0,1.34,CN,1718410279.0
545,nguigmi,14.2495,13.1092,31.04,44.0,1007.0,28.0,4.13,NE,1718410280.0
546,kaiyuan,23.6977,103.3037,22.95,91.0,1006.0,100.0,0.58,CN,1718410107.0
547,khost,33.3395,69.9204,25.24,31.0,1003.0,4.0,1.26,AF,1718410270.0
548,pasighat,28.0667,95.3333,25.51,94.0,1004.0,71.0,0.45,IN,1718410091.0
549,novyy urgal,51.0736,132.5642,17.12,56.0,1004.0,80.0,1.06,RU,1718410285.0
550,'anat al qadimah,34.4659,41.9331,32.32,18.0,1000.0,0.0,4.39,IQ,1718410287.0
551,elvas,38.8815,-7.1628,17.58,72.0,1016.0,22.0,5.53,PT,1718410288.0
552,mendi,-6.1761,143.6513,18.49,74.0,1016.0,38.0,1.46,PG,1718410209.0
553,san juan,-31.5375,-68.5364,15.48,37.0,1014.0,5.0,3.53,AR,1718409601.0
554,chos malal,-37.3781,-70.2709,7.42,67.0,1017.0,13.0,3.43,AR,1718410292.0
555,nova olimpia,-14.7972,-57.2881,25.58,44.0,1011.0,3.0,2.25,BR,1718410293.0
556,contamana,-7.3333,-75.0167,29.41,57.0,1008.0,76.0,1.6,PE,1718410294.0
557,mogadishu,2.0371,45.3438,26.1,82.0,1011.0,53.0,8.41,SO,1718410053.0
558,galliano,29.4422,-90.2992,32.78,51.0,1013.0,0.0,0.0,US,1718410121.0
559,tanout,14.9709,8.8879,29.66,39.0,1008.0,47.0,3.57,NE,1718410298.0
560,peace river,56.2501,-117.286,14.17,82.0,1008.0,100.0,6.17,CA,1718410185.0
561,oltinko'l,40.8011,72.1634,24.18,36.0,1005.0,56.0,1.57,UZ,1718410300.0
562,merrillville,41.4828,-87.3328,23.44,69.0,1017.0,0.0,4.12,US,1718410052.0
563,fyodorovka,53.6314,62.7078,20.72,70.0,1015.0,22.0,2.82,KZ,1718410303.0
564,neryungri,56.6709,124.6491,17.88,52.0,1002.0,37.0,0.39,RU,1718410304.0
565,nhamunda,-2.1861,-56.7131,24.88,83.0,1011.0,90.0,1.53,BR,1718410305.0
566,naze,28.3667,129.4833,25.37,90.0,1006.0,97.0,10.42,JP,1718410306.0
567,brisas de zicatela,15.8369,-97.0419,26.29,100.0,1009.0,75.0,2.57,MX,1718410308.0
568,ust-nera,64.5667,143.2,15.73,60.0,1002.0,49.0,2.99,RU,1718410309.0
569,severo-yeniseyskiy,60.3725,93.0408,15.32,60.0,1011.0,97.0,1.79,RU,1718410310.0
